"","Player","Team","Position","GP","TOI","CF","CA","CF%","FF","FA","FF%","SF","SA","SF%","GF","GA","GF%","xGF","xGA","xGF%","SCF","SCA","SCF%","HDCF","HDCA","HDCF%","HDGF","HDGA","HDGF%","On-Ice SH%","On-Ice SV%","PDO","Off. Zone Starts","Neu. Zone Starts","Def. Zone Starts","On The Fly Starts","Off. Zone Start %","Off. Zone Faceoffs","Neu. Zone Faceoffs","Def. Zone Faceoffs","Off. Zone Faceoff %"
"126","Blake Coleman","N.J, T.B","C","216","531.58333333333","206","774","21.02","186","581","24.25","148","418","26.15","16","56","22.22","13","52.08","19.98","110","400","21.57","59","143","29.21","11","28","28.21","10.81","86.60","0.974","13","53","363","303","3.46","26","81","524","4.73"
"27","Travis Zajac","N.J","C","204","514.88333333333","191","734","20.65","167","548","23.36","131","390","25.14","13","53","19.70","10.96","48.47","18.44","98","386","20.25","48","135","26.23","11","22","33.33","9.92","86.41","0.963","7","53","408","244","1.69","14","82","577","2.37"
"145","Luke Glendening","DET","C, R","200","505.63333333333","138","933","12.89","124","719","14.71","112","514","17.89","11","64","14.67","8.56","65.86","11.50","68","456","12.98","39","229","14.55","9","39","18.75","9.82","87.55","0.974","8","37","445","271","1.77","16","67","607","2.57"
"70","Jay Beagle","VAN, WSH","C","188","489.41666666667","92","882","9.45","87","645","11.89","77","473","14.00","5","55","8.33","4.16","59.59","6.53","36","482","6.95","16","197","7.51","3","23","11.54","6.49","88.37","0.949","8","51","388","294","2.02","17","83","532","3.10"
"107","Riley Sheahan","DET, EDM, FLA, PIT","C","220","474.93333333333","118","782","13.11","107","573","15.74","92","426","17.76","7","43","14.00","5.59","50.76","9.92","48","381","11.19","24","159","13.11","4","22","15.38","7.61","89.91","0.975","13","52","372","324","3.38","24","82","469","4.87"
"68","Lars Eller","WSH","C","224","468.55","117","739","13.67","101","522","16.21","85","363","18.97","4","51","7.27","5.54","47.27","10.48","54","379","12.47","25","156","13.81","3","27","10.00","4.71","85.95","0.907","5","55","336","276","1.47","8","75","421","1.86"
"168","Connor Brown","OTT, TOR","R","227","459.46666666667","101","746","11.92","97","567","14.61","73","400","15.43","9","58","13.43","5.96","49.76","10.69","52","380","12.04","27","149","15.34","5","31","13.89","12.33","85.50","0.978","11","58","257","477","4.10","17","81","329","4.91"
"133","Matt Nieto","COL","L","199","456.5","115","804","12.51","104","584","15.12","93","432","17.71","11","54","16.92","5.92","48.54","10.88","51","365","12.26","21","145","12.65","6","21","22.22","11.83","87.50","0.993","6","62","239","347","2.45","14","90","309","4.33"
"67","Carl Hagelin","L.A, PIT, WSH","L","190","455.05","110","655","14.38","95","474","16.70","83","355","18.95","2","42","4.55","4.26","46.2","8.45","45","354","11.28","16","155","9.36","2","24","7.69","2.41","88.17","0.906","7","53","339","289","2.02","18","75","451","3.84"
"64","Colton Sceviour","FLA","C","197","453.26666666667","143","782","15.46","130","580","18.31","113","432","20.73","4","58","6.45","6.86","52.74","11.50","64","375","14.58","27","165","14.06","2","28","6.67","3.54","86.57","0.901","14","56","344","268","3.91","23","89","450","4.86"
"109","Zach Hyman","TOR","C, L","197","450.23333333333","115","788","12.74","89","597","12.97","73","416","14.93","4","45","8.16","5.06","49.59","9.26","53","411","11.42","18","156","10.34","3","21","12.50","5.48","89.18","0.947","8","56","358","240","2.19","15","74","521","2.80"
"59","Nick Bonino","NSH","C","211","444.51666666667","99","725","12.01","90","558","13.89","68","401","14.50","3","58","4.92","4.23","48.6","8.00","40","349","10.28","14","143","8.92","2","25","7.41","4.41","85.54","0.899","9","62","405","245","2.17","15","85","521","2.80"
"28","Blake Comeau","COL, DAL","L","204","444.48333333333","93","784","10.60","83","573","12.65","68","432","13.60","5","43","10.42","4.82","52.5","8.41","49","394","11.06","20","157","11.30","2","17","10.53","7.35","90.05","0.974","4","54","348","300","1.14","11","84","438","2.45"
"142","Phillip Danault","MTL","C, L","197","441.75","127","791","13.83","109","623","14.89","90","450","16.67","5","52","8.77","5.74","55.01","9.45","55","402","12.04","25","188","11.74","4","23","14.81","5.56","88.44","0.940","13","50","331","315","3.78","30","86","476","5.93"
"21","Brad Richardson","ARI","C, R","196","441.56666666667","121","707","14.61","100","538","15.67","84","384","17.95","10","38","20.83","6.38","48.98","11.52","53","355","12.99","29","168","14.72","5","25","16.67","11.90","90.10","1.020","9","59","404","231","2.18","13","81","543","2.34"
"163","Colton Sissons","NSH","C","205","434.76666666667","98","707","12.17","92","546","14.42","74","391","15.91","7","64","9.86","5.52","46.96","10.52","45","341","11.66","23","134","14.65","3","29","9.38","9.46","83.63","0.931","8","53","387","249","2.03","13","76","469","2.70"
"29","Carl Soderberg","ARI, COL","C","224","434.66666666667","99","758","11.55","91","545","14.31","82","401","16.98","5","38","11.63","4.94","46.58","9.59","46","344","11.79","19","132","12.58","3","21","12.50","6.10","90.52","0.966","8","51","292","282","2.67","14","76","382","3.54"
"140","Sean Couturier","PHI","C","224","434.05","127","600","17.47","119","435","21.48","102","332","23.50","2","55","3.51","6.19","41.17","13.08","54","308","14.92","26","125","17.22","2","26","7.14","1.96","83.43","0.854","6","63","349","278","1.69","10","84","480","2.04"
"179","Artturi Lehkonen","MTL","L","211","431.6","103","765","11.87","92","594","13.41","79","422","15.77","4","54","6.90","4.9","51.52","8.69","49","376","11.53","20","175","10.26","2","23","8.00","5.06","87.20","0.923","7","55","332","285","2.06","19","92","450","4.05"
"100","Johan Larsson","BUF","C, L","208","427.61666666667","98","699","12.30","88","546","13.88","76","399","16.00","3","59","4.84","4.36","47.21","8.46","35","335","9.46","18","161","10.06","2","33","5.71","3.95","85.21","0.892","6","50","325","224","1.81","14","74","447","3.04"
"57","Alex Killorn","T.B","C, L","224","427.61666666667","82","660","11.05","73","504","12.65","57","386","12.87","5","48","9.43","4.12","42.88","8.77","43","359","10.70","16","143","10.06","5","25","16.67","8.77","87.56","0.963","9","74","230","389","3.77","12","101","279","4.12"
"36","Anze Kopitar","L.A","C","226","422.7","101","727","12.20","88","530","14.24","76","380","16.67","5","50","9.09","5.32","45.48","10.48","44","380","10.38","23","138","14.29","3","18","14.29","6.58","86.84","0.934","6","57","375","220","1.57","10","79","485","2.02"
"165","Brock McGinn","CAR","L","223","418.58333333333","99","648","13.25","87","486","15.18","73","330","18.11","4","45","8.16","4.82","47.25","9.25","43","311","12.15","25","168","12.95","3","26","10.34","5.48","86.36","0.918","11","46","360","262","2.96","17","72","471","3.48"
"216","Brandon Tanev","PIT, WPG","L","202","418.38333333333","86","758","10.19","81","567","12.50","63","417","13.13","9","40","18.37","5.44","48.02","10.17","50","318","13.59","27","134","16.77","4","21","16.00","14.29","90.41","1.047","10","72","347","294","2.80","15","93","437","3.32"
"22","Nate Thompson","L.A, MTL, OTT","C","210","412.75","115","715","13.86","103","538","16.07","79","386","16.99","5","44","10.20","5.84","49.5","10.55","51","336","13.18","29","157","15.59","3","24","11.11","6.33","88.60","0.949","13","38","263","364","4.71","21","59","337","5.87"
"150","Zemgus Girgensons","BUF","C","205","411.45","87","686","11.25","77","549","12.30","70","401","14.86","3","53","5.36","3.62","47.49","7.08","25","333","6.98","11","165","6.25","1","27","3.57","4.29","86.78","0.911","12","54","267","288","4.30","18","76","371","4.63"
"181","Elias Lindholm","CAR, CGY","C","225","408.38333333333","111","687","13.91","97","505","16.11","84","349","19.40","14","48","22.58","6.58","47.42","12.18","55","364","13.13","37","162","18.59","11","28","28.21","16.67","86.25","1.029","10","50","341","267","2.85","15","73","420","3.45"
"187","Pierre-Edouard Bellemare","COL, VGK","C, L","208","408.08333333333","90","683","11.64","80","493","13.96","63","363","14.79","6","45","11.76","4.52","43.22","9.46","34","331","9.32","15","144","9.43","2","24","7.69","9.52","87.60","0.971","3","45","359","185","0.83","19","78","442","4.12"
"105","Kevin Hayes","NYR, PHI, WPG","C, R","209","402.36666666667","124","609","16.92","110","481","18.61","84","355","19.13","9","43","17.31","8.32","49.66","14.35","70","360","16.28","34","173","16.43","8","19","29.63","10.71","87.89","0.986","7","43","307","239","2.23","10","68","379","2.57"
"211","Anthony Cirelli","T.B","C","160","400.8","85","687","11.01","76","504","13.10","60","384","13.51","8","44","15.38","4.61","41.73","9.95","41","359","10.25","23","137","14.38","8","21","27.59","13.33","88.54","1.019","5","47","354","127","1.39","12","72","475","2.46"
"161","Chris Tierney","OTT, S.J","C","226","400.53333333333","119","689","14.73","110","532","17.13","92","388","19.17","7","46","13.21","7.26","45.83","13.67","59","354","14.29","35","156","18.32","5","23","17.86","7.61","88.14","0.958","12","59","272","326","4.23","17","78","354","4.58"
"76","Matt Calvert","CBJ, COL","L","201","390.18333333333","108","646","14.32","98","463","17.47","89","347","20.41","8","55","12.70","6.15","43.13","12.49","52","326","13.76","24","150","13.79","2","29","6.45","8.99","84.15","0.931","10","45","202","337","4.72","20","71","263","7.07"
"151","Tom Wilson","WSH","R","202","389.45","80","623","11.38","68","429","13.68","55","310","15.07","3","43","6.52","4","37.21","9.71","38","307","11.01","19","116","14.07","2","21","8.70","5.45","86.13","0.916","5","41","229","298","2.14","11","60","307","3.46"
"81","Ryan O'Reilly","BUF, STL","C","226","388.2","99","689","12.56","92","525","14.91","77","371","17.19","5","40","11.11","4.54","45.53","9.07","38","327","10.41","23","141","14.02","5","14","26.32","6.49","89.22","0.957","4","40","392","173","1.01","11","57","548","1.97"
"65","Mikael Backlund","CGY","C","222","384.26666666667","102","608","14.37","89","477","15.72","76","322","19.10","6","45","11.76","6.51","42.03","13.42","52","332","13.54","27","140","16.17","4","25","13.79","7.89","86.02","0.939","5","68","296","245","1.66","8","92","400","1.96"
"117","Jesper Fast","NYR","R","197","384.11666666667","80","685","10.46","69","541","11.31","58","390","12.95","6","45","11.76","4.32","50.94","7.82","37","369","9.11","17","171","9.04","5","22","18.52","10.34","88.46","0.988","6","50","212","355","2.75","12","82","276","4.17"
"92","Casey Cizikas","NYI","C","185","377.65","80","728","9.90","69","514","11.84","56","378","12.90","8","50","13.79","4.61","45.9","9.13","46","379","10.82","25","143","14.88","7","32","17.95","14.29","86.77","1.011","6","40","323","197","1.82","14","63","412","3.29"
"98","Calle Jarnkrok","NSH","C","203","375.45","89","604","12.84","81","476","14.54","67","349","16.11","7","45","13.46","3.65","44.41","7.60","36","318","10.17","13","150","7.98","1","29","3.33","10.45","87.11","0.976","10","39","243","341","3.95","16","63","290","5.23"
"47","Leo Komarov","NYI, TOR","C, R","198","373.83333333333","77","635","10.81","63","480","11.60","53","335","13.66","3","28","9.68","3.57","42.94","7.69","33","334","8.99","18","136","11.69","2","12","14.29","5.66","91.64","0.973","8","36","265","263","2.93","16","54","355","4.31"
"174","Andrew Copp","WPG","C","207","372.81666666667","101","605","14.31","82","473","14.77","64","341","15.80","7","37","15.91","6.24","41.74","13.00","51","300","14.53","30","119","20.13","3","24","11.11","10.94","89.15","1.001","10","58","251","272","3.83","19","82","339","5.31"
"108","Chris Wagner","ANA, BOS, NYI","C, R","216","371.35","96","636","13.11","86","498","14.73","71","362","16.40","4","44","8.33","4.49","42.63","9.52","37","348","9.61","21","148","12.43","4","19","17.39","5.63","87.85","0.935","8","44","179","349","4.28","25","66","253","8.99"
"55","Jonathan Toews","CHI","C","218","370.93333333333","86","646","11.75","81","510","13.71","69","383","15.27","5","53","8.62","5.26","46.56","10.15","50","342","12.76","26","151","14.69","3","28","9.68","7.25","86.16","0.934","8","57","405","243","1.94","21","72","515","3.92"
"48","Cal Clutterbuck","NYI","R","182","367.33333333333","77","703","9.87","69","510","11.92","58","384","13.12","5","51","8.93","4.43","44.81","9.00","40","370","9.76","28","142","16.47","5","34","12.82","8.62","86.72","0.953","8","33","335","190","2.33","14","59","407","3.33"
"134","William Karlsson","VGK","C","220","362.4","136","516","20.86","121","395","23.45","87","274","24.10","13","35","27.08","7.72","34.07","18.47","65","259","20.06","40","102","28.17","10","13","43.48","14.94","87.23","1.022","7","38","168","312","4.00","22","69","234","8.59"
"180","Aleksander Barkov","FLA","C","220","362.33333333333","127","600","17.47","115","477","19.43","91","345","20.87","7","30","18.92","8.59","43.68","16.43","76","282","21.23","35","128","21.47","4","11","26.67","7.69","91.30","0.990","7","47","289","278","2.36","17","72","367","4.43"
"138","Mika Zibanejad","NYR","C","202","361.33333333333","76","621","10.90","71","500","12.43","56","359","13.49","8","48","14.29","4.23","46.77","8.29","37","326","10.19","21","150","12.28","4","28","12.50","14.29","86.63","1.009","3","53","339","235","0.88","7","82","426","1.62"
"125","Adam Lowry","WPG","C, L","170","359.08333333333","85","587","12.65","78","446","14.89","65","322","16.80","8","32","20.00","5.5","37.14","12.90","46","269","14.60","28","109","20.44","4","16","20.00","12.31","90.06","1.024","6","57","298","227","1.97","10","84","381","2.56"
"131","Brandon Saad","CHI","L","212","359.06666666667","110","558","16.47","95","444","17.63","79","326","19.51","5","39","11.36","7.78","40.27","16.19","72","312","18.75","37","149","19.89","4","26","13.33","6.33","88.04","0.944","15","53","216","393","6.49","23","65","271","7.82"
"169","Tim Schaller","BOS, L.A, VAN","C, L","182","357.3","48","608","7.32","43","415","9.39","34","306","10.00","5","38","11.63","1.62","37.33","4.15","14","303","4.42","6","132","4.35","3","11","21.43","14.71","87.58","1.023","5","43","237","256","2.07","13","54","303","4.11"
"155","Radek Faksa","DAL","C","219","357.08333333333","84","644","11.54","79","490","13.88","67","340","16.46","3","39","7.14","4.38","42.18","9.41","37","315","10.51","21","126","14.29","2","15","11.76","4.48","88.53","0.930","5","42","294","289","1.67","10","55","364","2.67"
"51","Michael Grabner","ARI, N.J, NYR","L, R","166","356.8","109","528","17.11","96","405","19.16","78","296","20.86","14","29","32.56","7.39","38.01","16.29","70","288","19.55","34","129","20.86","9","17","34.62","17.95","90.20","1.082","7","46","253","257","2.69","11","72","329","3.24"
"129","Jean-Gabriel Pageau","OTT","C","177","354.18333333333","126","593","17.52","105","454","18.78","88","321","21.52","7","37","15.91","6.12","39.96","13.28","55","302","15.41","27","132","16.98","5","21","19.23","7.95","88.47","0.964","8","42","283","250","2.75","18","64","384","4.48"
"42","Darren Helm","DET","C, L","197","352.98333333333","107","604","15.05","95","474","16.70","79","345","18.63","10","57","14.93","6.07","44.83","11.93","52","316","14.13","20","149","11.83","6","32","15.79","12.66","83.48","0.961","9","53","198","320","4.35","17","75","243","6.54"
"8","Frans Nielsen","DET","C","204","352.11666666667","89","627","12.43","79","497","13.72","63","332","15.95","7","47","12.96","4.98","45.4","9.89","46","327","12.33","18","146","10.98","4","22","15.38","11.11","85.84","0.970","11","55","189","340","5.50","23","71","223","9.35"
"89","Reilly Smith","VGK","R","205","350.2","131","498","20.83","120","371","24.44","88","259","25.36","10","34","22.73","8.09","32.33","20.01","64","249","20.45","41","97","29.71","7","9","43.75","11.36","86.87","0.982","6","40","184","282","3.16","23","68","250","8.42"
"50","Jordan Staal","CAR","C","190","349.6","75","534","12.32","70","406","14.71","57","287","16.57","2","47","4.08","3.89","37.32","9.44","37","250","12.89","21","127","14.19","2","26","7.14","3.51","83.62","0.871","1","47","353","154","0.28","7","65","456","1.51"
"170","Carter Rowney","ANA, PIT","C, R","168","345.48333333333","72","510","12.37","65","392","14.22","58","292","16.57","8","36","18.18","3.88","35.27","9.92","33","258","11.34","17","110","13.39","7","20","25.93","13.79","87.67","1.015","12","53","258","275","4.44","16","70","320","4.76"
"44","Brad Marchand","BOS","C, L","210","343.93333333333","111","487","18.56","99","387","20.37","77","280","21.57","12","33","26.67","6.99","33.65","17.21","65","236","21.59","30","105","22.22","8","17","32.00","15.58","88.21","1.038","6","44","284","211","2.07","13","67","360","3.49"
"132","Markus Granlund","EDM, VAN","C","162","343.76666666667","91","553","14.13","79","434","15.40","72","326","18.09","4","52","7.14","3.92","38.29","9.28","32","291","9.91","18","124","12.68","3","21","12.50","5.56","84.05","0.896","10","38","199","280","4.78","16","63","261","5.78"
"63","Brandon Sutter","VAN","C","123","342.7","82","531","13.38","77","405","15.98","64","272","19.05","5","37","11.90","4.02","33.48","10.72","35","288","10.84","13","102","11.30","3","17","15.00","7.81","86.40","0.942","8","37","244","219","3.17","12","56","323","3.58"
"73","Derek Stepan","ARI","C","219","339.71666666667","132","577","18.62","123","434","22.08","106","315","25.18","7","37","15.91","6.53","37.87","14.71","52","282","15.57","29","123","19.08","3","20","13.04","6.60","88.25","0.949","10","32","308","273","3.14","14","49","416","3.26"
"178","J.T. Compher","COL","L","193","336.83333333333","75","671","10.05","69","493","12.28","60","362","14.22","8","41","16.33","4.92","45.12","9.84","42","333","11.20","20","143","12.27","6","21","22.22","13.33","88.67","1.020","6","32","269","211","2.18","11","49","348","3.06"
"148","Scott Laughton","PHI","C, L","205","333.61666666667","97","488","16.58","88","360","19.64","75","245","23.44","4","47","7.84","5.84","34.43","14.50","48","252","16.00","25","116","17.73","3","26","10.34","5.33","80.82","0.861","10","29","200","302","4.76","17","49","238","6.67"
"213","Noel Acciari","BOS, FLA","C","191","333","69","589","10.49","64","439","12.72","57","316","15.28","1","41","2.38","3.26","36.7","8.16","30","262","10.27","16","110","12.70","1","18","5.26","1.75","87.03","0.888","5","34","243","212","2.02","7","51","318","2.15"
"186","Melker Karlsson","S.J","C","206","331.33333333333","71","547","11.49","65","429","13.16","53","309","14.64","2","30","6.25","2.48","39.51","5.91","23","302","7.08","11","144","7.10","0","18","0.00","3.77","90.29","0.941","14","53","232","306","5.69","18","71","290","5.84"
"83","Jakob Silfverberg","ANA","R","207","328.61666666667","98","546","15.22","86","419","17.03","63","312","16.80","9","37","19.57","5.48","37.06","12.88","48","305","13.60","28","128","17.95","9","15","37.50","14.29","88.14","1.024","11","56","139","373","7.33","16","77","185","7.96"
"149","Mark Jankowski","CGY","C","200","328.6","100","482","17.18","90","371","19.52","70","247","22.08","15","27","35.71","6.95","31.58","18.04","59","248","19.22","35","115","23.33","10","15","40.00","21.43","89.07","1.105","13","37","214","268","5.73","15","64","270","5.26"
"38","Andrew Cogliano","ANA, DAL","C, L","219","328.35","98","513","16.04","83","394","17.40","66","303","17.89","8","32","20.00","4.59","34.73","11.67","44","280","13.58","19","113","14.39","3","18","14.29","12.12","89.44","1.016","13","43","98","443","11.71","20","58","118","14.49"
"10","Alexander Steen","STL","L","188","323.85","66","537","10.95","63","388","13.97","57","269","17.48","2","37","5.13","1.88","35.6","5.02","15","249","5.68","8","107","6.96","2","16","11.11","3.51","86.25","0.898","9","47","301","189","2.90","13","63","387","3.25"
"203","Pavel Zacha","N.J","C","187","322.1","95","420","18.45","87","300","22.48","81","218","27.09","9","24","27.27","6.75","25.01","21.25","52","200","20.63","27","67","28.72","7","12","36.84","11.11","88.99","1.001","9","26","108","331","7.69","22","49","155","12.43"
"162","Jordan Martinook","ARI, CAR","L","201","321.68333333333","80","454","14.98","71","340","17.27","60","245","19.67","4","39","9.30","4.72","32.78","12.60","38","230","14.18","21","120","14.89","3","22","12.00","6.67","84.08","0.907","10","45","206","307","4.63","16","65","259","5.82"
"135","Ryan Nugent-Hopkins","EDM","C","200","320.33333333333","87","536","13.96","70","387","15.32","60","279","17.70","6","43","12.24","4.4","36.84","10.67","39","278","12.30","20","125","13.79","3","20","13.04","10.00","84.59","0.946","11","33","204","274","5.12","16","50","263","5.73"
"173","Mattias Janmark","DAL","C","217","319.31666666667","70","484","12.64","60","351","14.60","46","245","15.81","5","38","11.63","4.01","30.38","11.66","38","239","13.72","18","95","15.93","3","22","12.00","10.87","84.49","0.954","5","37","61","447","7.58","11","48","72","13.25"
"7","Valtteri Filppula","DET, NYI, PHI","C","216","318.73333333333","54","530","9.25","46","420","9.87","42","327","11.38","4","41","8.89","2.91","41.45","6.55","23","296","7.21","16","145","9.94","2","20","9.09","9.52","87.46","0.970","10","38","173","300","5.46","15","52","222","6.33"
"113","Joakim Nordstrom","BOS, CAR","C, L","188","315.21666666667","73","500","12.74","69","374","15.58","58","261","18.18","0","41","0.00","3.17","32.43","8.90","26","245","9.59","12","100","10.71","0","20","0.00","0.00","84.29","0.843","6","40","216","251","2.70","15","54","266","5.34"
"146","Yanni Gourde","T.B","C","224","314.2","76","459","14.21","68","355","16.08","54","256","17.42","4","28","12.50","3.98","27.67","12.57","40","232","14.71","17","89","16.04","3","14","17.65","7.41","89.06","0.965","7","31","127","304","5.22","12","44","160","6.98"
"223","David Kampf","CHI","C","171","311.81666666667","73","549","11.74","62","436","12.45","54","324","14.29","1","38","2.56","4.4","42.31","9.42","40","307","11.53","21","140","13.04","0","14","0.00","1.85","88.27","0.901","5","30","232","283","2.11","10","42","290","3.33"
"152","Tomas Hertl","S.J","C","204","311.56666666667","88","470","15.77","80","365","17.98","64","259","19.81","8","30","21.05","4.97","32.8","13.16","46","245","15.81","20","109","15.50","3","14","17.65","12.50","88.42","1.009","5","45","239","278","2.05","7","61","291","2.35"
"93","Cody Eakin","VGK, WPG","C","200","311.41666666667","98","514","16.01","83","409","16.87","68","305","18.23","9","41","18.00","4.24","34.27","11.02","46","268","14.65","19","105","15.32","5","21","19.23","13.24","86.56","0.998","6","26","185","264","3.14","16","51","260","5.80"
"13","Dustin Brown","L.A","L, R","212","307.43333333333","76","526","12.62","68","384","15.04","60","272","18.07","4","31","11.43","3.92","32.29","10.83","36","276","11.54","20","90","18.18","3","11","21.43","6.67","88.60","0.953","2","45","290","180","0.68","6","57","349","1.69"
"190","Dylan Larkin","DET","C","222","303.85","100","556","15.24","88","431","16.96","74","306","19.47","7","32","17.95","6","40.24","12.97","53","278","16.01","26","129","16.77","4","17","19.05","9.46","89.54","0.990","9","20","332","192","2.64","13","33","436","2.90"
"144","Barclay Goodrow","S.J","C, R","191","303.1","65","471","12.13","58","357","13.98","49","263","15.71","4","30","11.76","2.97","34.46","7.93","28","263","9.62","16","128","11.11","3","15","16.67","8.16","88.59","0.968","15","44","220","250","6.38","17","62","293","5.48"
"114","Bryan Rust","PIT","R","188","300.1","106","439","19.45","96","333","22.38","80","237","25.24","10","29","25.64","7.26","29.35","19.84","61","204","23.02","37","78","32.17","6","16","27.27","12.50","87.76","1.003","5","31","152","374","3.18","8","41","176","4.35"
"184","Ryan Carpenter","CHI, S.J, VGK","C","181","299.75","76","494","13.33","69","374","15.58","55","289","15.99","7","36","16.28","3.21","33.69","8.69","30","264","10.20","14","110","11.29","4","23","14.81","12.73","87.54","1.003","11","33","226","225","4.64","18","59","305","5.57"
"20","Patrice Bergeron","BOS","C","183","299.6","88","435","16.83","79","344","18.68","62","254","19.62","10","28","26.32","5.2","29.46","14.99","50","211","19.16","25","96","20.66","7","15","31.82","16.13","88.98","1.051","4","34","282","148","1.40","11","50","353","3.02"
"4","Mikko Koivu","MIN","C","177","298.8","54","518","9.44","46","414","10.00","34","302","10.12","3","39","7.14","2.55","35.13","6.78","21","243","7.95","10","99","9.17","1","19","5.00","8.82","87.09","0.959","5","38","281","145","1.75","8","49","379","2.07"
"61","Logan Couture","S.J","C","204","298.53333333333","91","458","16.58","82","366","18.30","69","263","20.78","9","32","21.95","6.01","35.92","14.33","50","257","16.29","24","120","16.67","4","15","21.05","13.04","87.83","1.009","5","48","193","308","2.53","8","68","239","3.24"
"188","Tomas Nosek","VGK","L","195","293.45","65","516","11.19","60","372","13.89","54","274","16.46","6","29","17.14","3.38","32.7","9.37","28","247","10.18","12","99","10.81","3","15","16.67","11.11","89.42","1.005","7","23","209","187","3.24","15","49","270","5.26"
"106","Austin Watson","NSH","L","165","287.96666666667","64","451","12.43","57","335","14.54","52","238","17.93","9","42","17.65","3.68","27.65","11.74","25","206","10.82","16","82","16.33","5","20","20.00","17.31","82.35","0.997","6","33","190","252","3.06","10","55","232","4.13"
"39","Justin Abdelkader","DET","L","190","286.45","84","446","15.85","75","333","18.38","59","226","20.70","1","38","2.56","4.73","30.71","13.35","40","238","14.39","21","99","17.50","1","18","5.26","1.69","83.19","0.849","13","28","119","308","9.85","23","49","146","13.61"
"96","Nic Dowd","L.A, VAN, WSH","C","169","286.1","65","399","14.01","54","285","15.93","45","198","18.52","3","28","9.68","2.47","25.33","8.87","22","197","10.05","10","84","10.64","3","14","17.65","6.67","85.86","0.925","10","33","197","217","4.83","13","51","246","5.02"
"166","Cedric Paquette","T.B","C","189","285.88333333333","51","445","10.28","50","314","13.74","39","233","14.34","4","24","14.29","3.06","25.97","10.55","31","215","12.60","15","86","14.85","3","11","21.43","10.26","89.70","1.000","4","20","164","256","2.38","10","33","201","4.74"
"69","Zack Smith","CHI, OTT","C, L","188","285.13333333333","87","454","16.08","76","349","17.88","67","252","21.00","7","29","19.44","4.91","28.77","14.58","41","213","16.14","23","90","20.35","5","9","35.71","10.45","88.49","0.989","4","27","189","218","2.07","11","40","229","4.58"
"214","Derek Ryan","CAR, CGY","C","222","284.31666666667","63","419","13.07","53","328","13.91","43","223","16.17","5","27","15.63","3.78","30.17","11.14","33","230","12.55","19","95","16.67","3","9","25.00","11.63","87.89","0.995","6","34","134","314","4.29","18","51","160","10.11"
"123","Sean Kuraly","BOS","C","208","283","68","446","13.23","60","342","14.93","51","261","16.35","2","33","5.71","3.69","30.1","10.92","28","224","11.11","11","98","10.09","2","12","14.29","3.92","87.36","0.913","5","30","184","233","2.65","10","45","232","4.13"
"130","Boone Jenner","CBJ","C","216","282.98333333333","95","464","16.99","90","347","20.59","73","263","21.73","1","34","2.86","4.87","29.29","14.26","44","228","16.18","22","78","22.00","1","10","9.09","1.37","87.07","0.884","7","27","235","198","2.89","10","38","312","3.11"
"137","Ryan Strome","EDM, NYR","C","224","280.86666666667","74","504","12.80","67","399","14.38","54","277","16.31","3","34","8.11","3.77","37.05","9.24","37","265","12.25","22","113","16.30","2","10","16.67","5.56","87.73","0.933","9","40","203","239","4.25","10","58","264","3.65"
"19","Loui Eriksson","VAN","L","173","270.88333333333","64","369","14.78","60","270","18.18","52","188","21.67","3","25","10.71","3.55","23.87","12.95","32","194","14.16","21","74","22.11","3","10","23.08","5.77","86.70","0.925","9","28","105","319","7.89","12","43","136","8.11"
"157","Chandler Stephenson","VGK, WSH","C","190","270.66666666667","60","387","13.42","51","297","14.66","43","206","17.27","4","25","13.79","3.32","27.56","10.77","30","213","12.35","17","99","14.66","4","12","25.00","9.30","87.86","0.972","6","36","153","271","3.77","11","47","187","5.56"
"118","Mark Stone","OTT, VGK","R","199","270.55","96","452","17.52","81","339","19.29","66","259","20.31","5","29","14.71","5.46","28.82","15.93","48","217","18.11","28","94","22.95","5","16","23.81","7.58","88.80","0.964","5","21","196","206","2.49","8","32","247","3.14"
"32","Troy Brouwer","CGY, FLA, STL","R","164","268.66666666667","62","433","12.53","51","335","13.21","43","214","16.73","3","36","7.69","2.91","29.59","8.96","24","223","9.72","12","95","11.21","1","18","5.26","6.98","83.18","0.902","14","38","183","191","7.11","20","54","256","7.25"
"192","Kasperi Kapanen","TOR","R","178","268","79","378","17.29","72","298","19.46","59","223","20.92","7","36","16.28","4.57","25.38","15.25","36","206","14.88","19","78","19.59","5","21","19.23","11.86","83.86","0.957","5","24","66","376","7.04","9","35","86","9.47"
"185","Garnet Hathaway","CGY, WSH","R","194","267.23333333333","66","330","16.67","59","222","21.00","47","145","24.48","7","19","26.92","4.17","19.93","17.32","38","169","18.36","21","64","24.71","4","6","40.00","14.89","86.90","1.018","9","34","78","333","10.34","11","49","91","10.78"
"121","Josh Archibald","ARI, EDM, PIT","R","163","263.81666666667","61","493","11.01","57","368","13.41","51","255","16.67","3","21","12.50","2.47","28.35","8.02","23","218","9.54","8","75","9.64","2","5","28.57","5.88","91.76","0.976","6","35","166","235","3.49","9","45","206","4.19"
"77","Cam Atkinson","CBJ","R","189","263.56666666667","83","335","19.86","72","265","21.36","63","185","25.40","5","28","15.15","4.02","23.99","14.37","41","178","18.72","18","71","20.22","4","13","23.53","7.94","84.86","0.928","16","47","150","265","9.64","24","61","193","11.06"
"60","Paul Byron","MTL","L","160","263.25","66","428","13.36","58","328","15.03","46","241","16.03","5","28","15.15","4.26","29.84","12.50","36","213","14.46","22","101","17.89","5","11","31.25","10.87","88.38","0.993","1","29","136","263","0.73","8","56","179","4.28"
"210","Joel Eriksson Ek","MIN","C","187","262.85","39","435","8.23","34","330","9.34","25","232","9.73","1","30","3.23","1.42","25.7","5.23","14","197","6.64","5","65","7.14","0","8","0.00","4.00","87.07","0.911","12","36","147","231","7.55","17","50","189","8.25"
"49","Claude Giroux","PHI","C, R","226","262.81666666667","97","318","23.37","90","242","27.11","77","177","30.31","6","25","19.35","5.29","22.64","18.95","45","166","21.33","27","64","29.67","5","13","27.78","7.79","85.88","0.937","7","31","304","186","2.25","9","44","389","2.26"
"75","Derek Grant","ANA, PIT","C","171","262.23333333333","65","383","14.51","60","302","16.57","53","225","19.06","6","27","18.18","3.53","27.43","11.41","31","205","13.14","21","81","20.59","6","13","31.58","11.32","88.00","0.993","12","34","265","168","4.33","16","47","334","4.57"
"87","Magnus Paajarvi","OTT, STL","L","159","261.91666666667","60","444","11.90","52","348","13.00","46","250","15.54","2","27","6.90","2.91","27.78","9.49","23","209","9.91","14","83","14.43","2","10","16.67","4.35","89.20","0.935","4","28","162","238","2.41","12","43","198","5.71"
"141","Joel Armia","MTL, WPG","R","187","259.63333333333","87","430","16.83","69","330","17.29","56","248","18.42","5","30","14.29","3.65","28.9","11.20","38","222","14.62","18","94","16.07","3","15","16.67","8.93","87.90","0.968","7","29","154","268","4.35","18","48","184","8.91"
"122","Tobias Rieder","ARI, CGY, EDM, L.A","C, R","194","259.38333333333","58","417","12.21","47","330","12.47","37","237","13.50","1","30","3.23","3.32","29.47","10.12","26","212","10.92","14","95","12.84","1","17","5.56","2.70","87.34","0.900","6","31","144","278","4.00","18","43","169","9.63"
"159","Jujhar Khaira","EDM","L","184","257.15","74","418","15.04","59","280","17.40","50","196","20.33","5","20","20.00","3.16","26.52","10.66","34","207","14.11","14","79","15.05","4","11","26.67","10.00","89.80","0.998","9","30","157","231","5.42","14","43","190","6.86"
"110","Ryan Johansen","NSH","C","220","255.9","78","330","19.12","68","256","20.99","46","181","20.26","8","19","29.63","4.21","22.77","15.59","40","157","20.30","20","63","24.10","6","7","46.15","17.39","89.50","1.069","15","32","133","290","10.14","18","53","154","10.47"
"124","Vincent Trocheck","FLA","C","192","253.75","98","408","19.37","87","328","20.96","64","243","20.85","6","31","16.22","6.15","29.24","17.37","58","224","20.57","20","94","17.54","3","13","18.75","9.38","87.24","0.966","5","29","176","222","2.76","11","48","237","4.44"
"94","Gabriel Bourque","COL, WPG","L","161","253.63333333333","44","477","8.45","41","348","10.54","32","246","11.51","2","28","6.67","1.88","27.51","6.39","16","207","7.17","7","82","7.87","0","12","0.00","6.25","88.62","0.949","8","28","133","221","5.67","13","44","167","7.22"
"24","Kyle Brodziak","EDM, STL","C","151","252.55","56","366","13.27","50","287","14.84","47","213","18.08","4","36","10.00","1.79","25.49","6.56","16","176","8.33","10","83","10.75","3","19","13.64","8.51","83.10","0.916","0","23","193","217","0.00","6","38","238","2.46"
"53","Michael Frolik","BUF, CGY","R","190","246.4","69","406","14.53","59","320","15.57","50","229","17.92","5","24","17.24","4.07","30.79","11.66","35","227","13.36","15","113","11.72","4","14","22.22","10.00","89.52","0.995","3","43","156","179","1.89","10","59","219","4.37"
"156","Oskar Sundqvist","STL","C","165","244.88333333333","63","337","15.75","56","262","17.61","50","187","21.10","4","21","16.00","3.68","23.77","13.42","32","187","14.61","18","86","17.31","3","8","27.27","8.00","88.77","0.968","4","24","95","285","4.04","9","34","128","6.57"
"74","Adam Henrique","ANA, N.J","C","225","243.91666666667","65","380","14.61","58","292","16.57","47","213","18.08","4","23","14.81","3.39","29.28","10.38","34","210","13.93","16","96","14.29","2","14","12.50","8.51","89.20","0.977","11","31","191","245","5.45","17","39","228","6.94"
"40","Vladimir Sobotka","BUF, STL","C, L","166","243.23333333333","53","386","12.07","50","293","14.58","41","212","16.21","3","29","9.38","2.29","25.39","8.27","20","195","9.30","9","89","9.18","2","14","12.50","7.32","86.32","0.936","7","18","120","256","5.51","11","29","157","6.55"
"91","Marcus Foligno","MIN","L","210","239.56666666667","53","384","12.13","46","282","14.02","28","206","11.97","1","23","4.17","2.09","22.07","8.63","17","185","8.42","7","58","10.77","0","4","0.00","3.57","88.83","0.924","1","38","194","115","0.51","4","51","260","1.52"
"143","Vladislav Namestnikov","NYR, OTT, T.B","C, L","215","239.21666666667","71","401","15.04","64","314","16.93","57","208","21.51","11","26","29.73","4.73","30.2","13.54","42","214","16.41","22","106","17.19","8","14","36.36","19.30","87.50","1.068","4","32","182","203","2.15","8","46","240","3.23"
"183","Alexander Wennberg","CBJ","C","193","234.73333333333","65","292","18.21","57","231","19.79","53","168","23.98","5","23","17.86","3.4","21.16","13.83","34","162","17.35","16","63","20.25","3","9","25.00","9.43","86.31","0.957","20","45","93","286","17.70","24","56","108","18.18"
"26","Blake Wheeler","WPG","R","227","234.61666666667","62","422","12.81","50","322","13.44","37","246","13.07","5","34","12.82","3.62","28.96","11.11","34","209","13.99","18","90","16.67","3","19","13.64","13.51","86.18","0.997","9","40","151","248","5.63","11","48","199","5.24"
"194","Ivan Barbashev","STL","C","194","234.58333333333","63","331","15.99","57","261","17.92","50","192","20.66","3","31","8.82","4.27","24.32","14.92","34","193","14.98","20","87","18.69","2","15","11.76","6.00","83.85","0.899","6","27","79","314","7.06","8","39","98","7.55"
"45","Nick Foligno","CBJ","L","206","234.23333333333","69","334","17.12","65","250","20.63","53","177","23.04","1","20","4.76","3.63","21.36","14.54","35","184","15.98","13","62","17.33","0","4","0.00","1.89","88.70","0.906","9","30","133","237","6.34","15","38","173","7.98"
"102","Tyler Pitlick","DAL, PHI","C","183","234.15","54","429","11.18","50","315","13.70","44","215","16.99","1","24","4.00","2.66","28.34","8.59","26","215","10.79","16","93","14.68","1","11","8.33","2.27","88.84","0.911","10","24","118","266","7.81","15","32","139","9.74"
"111","Tyler Seguin","DAL","C","226","230.58333333333","55","394","12.25","46","283","13.98","38","219","14.79","2","29","6.45","3.02","23.89","11.21","28","196","12.50","12","67","15.19","1","12","7.69","5.26","86.76","0.920","13","31","372","187","3.38","16","41","460","3.36"
"62","Riley Nash","BOS, CBJ","C","213","228.81666666667","47","369","11.30","40","276","12.66","33","202","14.04","2","34","5.56","2.35","23.52","9.09","17","181","8.59","8","72","10.00","1","12","7.69","6.06","83.17","0.892","6","22","153","176","3.77","9","37","209","4.13"
"41","Tom Pyatt","OTT","L","118","228.6","56","436","11.38","51","334","13.25","46","239","16.14","3","38","7.32","2.45","29.1","7.75","23","193","10.65","12","90","11.76","1","21","4.55","6.52","84.10","0.906","3","28","147","177","2.00","6","39","201","2.90"
"112","Mikael Granlund","MIN, NSH","C, R","211","224.63333333333","47","369","11.30","40","294","11.98","35","209","14.34","4","28","12.50","2.27","27","7.74","22","178","11.00","8","79","9.20","1","15","6.25","11.43","86.60","0.980","3","32","185","144","1.60","8","43","245","3.16"
"119","Brian Gibbons","ANA, CAR, N.J, OTT","C, L","138","222.95","50","358","12.25","45","258","14.85","40","183","17.94","3","27","10.00","3.5","23.83","12.79","33","179","15.57","18","63","22.22","3","11","21.43","7.50","85.25","0.927","9","21","126","204","6.67","15","35","173","7.98"
"209","Mitchell Marner","TOR","C, R","216","221.03333333333","78","332","19.02","70","243","22.36","55","163","25.23","4","25","13.79","4.31","20.85","17.14","47","180","20.70","22","68","24.44","3","10","23.08","7.27","84.66","0.919","9","28","131","222","6.43","12","40","180","6.25"
"17","Ryan Kesler","ANA","C","104","220.88333333333","31","427","6.77","26","326","7.39","16","248","6.06","0","36","0.00","0.6","30.72","1.93","6","247","2.37","1","105","0.94","0","16","0.00","0.00","85.48","0.855","2","29","236","62","0.84","7","46","327","2.10"
"175","Jason Dickinson","DAL","C","152","220.26666666667","39","354","9.92","32","245","11.55","27","184","12.80","1","21","4.55","1.52","21.44","6.64","20","187","9.66","6","66","8.33","0","11","0.00","3.70","88.59","0.923","1","26","124","208","0.80","5","35","164","2.96"
"1","Matt Cullen","MIN, PIT","C","150","220.15","66","354","15.71","59","270","17.93","50","200","20.00","4","29","12.12","3.5","22.94","13.22","33","160","17.10","16","57","21.92","2","16","11.11","8.00","85.50","0.935","7","33","153","189","4.38","9","43","176","4.86"
"158","Devin Shore","ANA, DAL","C","197","218.15","47","341","12.11","42","268","13.55","30","180","14.29","4","21","16.00","3.17","24.5","11.45","29","188","13.36","14","86","14.00","3","11","21.43","13.33","88.33","1.017","6","22","66","328","8.33","9","31","74","10.84"
"189","Leon Draisaitl","EDM","C","222","217.76666666667","64","303","17.44","58","244","19.21","42","171","19.72","6","24","20.00","4.21","22.91","15.51","35","177","16.51","18","75","19.35","4","13","23.53","14.29","85.96","1.003","7","28","205","200","3.30","11","41","240","4.38"
"46","Trevor Lewis","L.A","C","161","214.2","42","381","9.93","39","292","11.78","29","202","12.55","2","21","8.70","1.82","27.44","6.21","16","191","7.73","6","72","7.69","2","9","18.18","6.90","89.60","0.965","5","20","112","239","4.27","7","36","129","5.15"
"172","Tyler Motte","CBJ, VAN","C","146","213.76666666667","48","338","12.44","45","255","15.00","39","176","18.14","2","16","11.11","2.61","23.21","10.11","20","191","9.48","10","83","10.75","1","6","14.29","5.13","90.91","0.960","8","16","117","213","6.40","10","29","152","6.17"
"200","Viktor Arvidsson","NSH","L, R","185","211.71666666667","70","327","17.63","63","254","19.87","47","184","20.35","6","18","25.00","3.52","22.84","13.36","38","162","19.00","19","66","22.35","4","8","33.33","12.77","90.22","1.030","3","34","114","196","2.56","7","48","137","4.86"
"115","Tom Kuhnhackl","NYI, PIT","R","133","210.33333333333","34","386","8.10","30","283","9.58","27","221","10.89","5","31","13.89","1.73","27.67","5.87","16","201","7.37","7","82","7.87","3","17","15.00","18.52","85.97","1.045","5","17","91","270","5.21","8","29","115","6.50"
"167","Josh Anderson","CBJ","R","171","210.25","67","302","18.16","66","226","22.60","53","159","25.00","1","16","5.88","3.81","19.15","16.60","36","151","19.25","21","50","29.58","1","6","14.29","1.89","89.94","0.918","6","27","147","176","3.92","11","32","189","5.50"
"12","Jeff Carter","L.A","C","163","209.33333333333","61","335","15.40","56","267","17.34","48","180","21.05","2","33","5.71","3.17","24.22","11.57","22","182","10.78","9","75","10.71","1","16","5.88","4.17","81.67","0.858","1","19","170","180","0.58","3","26","214","1.38"
"88","Zack Kassian","EDM","R","205","208.83333333333","54","287","15.84","46","227","16.85","42","171","19.72","5","29","14.71","2.85","21.69","11.60","28","163","14.66","15","77","16.30","3","12","20.00","11.90","83.04","0.949","5","34","128","198","3.76","10","49","148","6.33"
"171","Michael Raffl","PHI","L","194","208.51666666667","52","277","15.81","48","200","19.35","41","149","21.58","2","19","9.52","2.28","19.07","10.68","24","133","15.29","8","69","10.39","1","11","8.33","4.88","87.25","0.921","8","33","72","269","10.00","15","47","85","15.00"
"85","Evander Kane","BUF, S.J","L","209","207.18333333333","64","259","19.81","59","192","23.51","46","134","25.56","10","7","58.82","4.18","17.58","19.20","34","145","18.99","18","64","21.95","6","4","60.00","21.74","94.78","1.165","7","21","56","270","11.11","12","34","72","14.29"
"103","Brock Nelson","NYI","C","225","204.88333333333","41","354","10.38","35","261","11.82","32","193","14.22","1","21","4.55","2.77","23.25","10.64","23","208","9.96","15","76","16.48","1","7","12.50","3.13","89.12","0.922","5","23","122","227","3.94","14","37","151","8.48"
"99","Tyler Toffoli","L.A, VAN","C, R","224","202.58333333333","71","308","18.73","64","247","20.58","51","160","24.17","1","30","3.23","3.84","23.71","13.93","33","186","15.07","16","80","16.67","1","16","5.88","1.96","81.25","0.832","4","20","104","256","3.70","7","29","135","4.93"
"218","Brett Howden","NYR","C","127","200.9","37","344","9.71","34","266","11.33","30","192","13.51","3","21","12.50","1.82","24.38","6.95","17","180","8.63","8","86","8.51","3","7","30.00","10.00","89.06","0.991","7","17","101","219","6.48","9","28","122","6.87"
"101","Charlie Coyle","BOS, MIN","C","210","198.8","50","271","15.58","45","218","17.11","40","150","21.05","4","20","16.67","2.86","17.56","14.01","23","129","15.13","8","51","13.56","2","7","22.22","10.00","86.67","0.967","6","22","95","236","5.94","12","32","120","9.09"
"54","Artem Anisimov","CHI, OTT","C","195","197.18333333333","59","323","15.45","49","242","16.84","44","187","19.05","2","27","6.90","3.62","21.93","14.18","29","161","15.26","11","73","13.10","1","11","8.33","4.55","85.56","0.901","15","28","78","252","16.13","21","38","101","17.21"
"34","Paul Stastny","STL, VGK, WPG","C","196","196.95","48","337","12.47","44","259","14.52","40","178","18.35","4","30","11.76","2.57","24.2","9.61","21","181","10.40","13","75","14.77","2","14","12.50","10.00","83.15","0.931","9","28","158","180","5.39","19","39","200","8.68"
"116","Marcus Sorensen","S.J","L","170","195.8","36","297","10.81","34","238","12.50","26","164","13.68","3","20","13.04","1.9","22.25","7.87","17","168","9.19","13","79","14.13","2","14","12.50","11.54","87.80","0.993","6","20","69","273","8.00","11","30","86","11.34"
"208","Lawson Crouse","ARI","L","153","193.95","60","297","16.81","56","222","20.14","50","152","24.75","4","18","18.18","2.83","19.34","12.75","23","147","13.53","10","62","13.89","2","8","20.00","8.00","88.16","0.962","3","19","34","284","8.11","5","25","44","10.20"
"177","Jacob de la Rose","DET, MTL, STL","C, L","163","193.31666666667","36","315","10.26","33","249","11.70","27","178","13.17","1","28","3.45","1.71","23.82","6.69","13","168","7.18","6","80","6.98","1","18","5.26","3.70","84.27","0.880","12","21","84","206","12.50","15","34","100","13.04"
"207","Sebastian Aho","CAR","C, R","221","192.41666666667","66","223","22.84","62","176","26.05","53","123","30.11","5","17","22.73","5.2","16.11","24.40","39","116","25.16","29","52","35.80","4","11","26.67","9.43","86.18","0.956","9","10","52","291","14.75","17","22","61","21.79"
"43","Bryan Little","WPG","C","171","187.41666666667","34","360","8.63","27","273","9.00","27","203","11.74","2","22","8.33","1.39","24.57","5.34","16","170","8.60","7","67","9.46","1","13","7.14","7.41","89.16","0.966","9","23","160","157","5.33","12","29","180","6.25"
"95","Marcus Kruger","CAR, CHI","C","122","183.85","30","333","8.26","27","265","9.25","25","192","11.52","1","32","3.03","1.18","26.91","4.19","9","179","4.79","3","96","3.03","0","17","0.00","4.00","83.33","0.873","6","26","144","174","4.00","10","40","172","5.49"
"139","Mark Scheifele","WPG","C","206","180.11666666667","50","323","13.40","41","245","14.34","28","191","12.79","5","29","14.71","2.59","21.3","10.85","25","161","13.44","13","74","14.94","2","18","10.00","17.86","84.82","1.027","10","29","111","198","8.26","14","36","142","8.97"
"80","Tyler Bozak","STL, TOR","C","213","178.63333333333","32","287","10.03","31","210","12.86","26","160","13.98","0","24","0.00","1.35","17.21","7.29","10","135","6.90","6","53","10.17","0","9","0.00","0.00","85.00","0.850","6","17","150","139","3.85","9","25","182","4.71"
"128","Nick Shore","CGY, L.A, OTT, TOR, WPG","C","120","178.31666666667","43","305","12.36","37","239","13.41","27","158","14.59","1","16","5.88","2.1","21.27","8.98","19","160","10.61","8","64","11.11","1","8","11.11","3.70","89.87","0.936","2","19","139","145","1.42","3","29","163","1.81"
"160","Jimmy Vesey","BUF, NYR","L","218","176.63333333333","38","251","13.15","34","200","14.53","26","158","14.13","2","27","6.90","2.58","17.55","12.81","25","139","15.24","11","58","15.94","2","9","18.18","7.69","82.91","0.906","8","16","55","233","12.70","12","22","75","13.79"
"147","Tanner Pearson","L.A, PIT, VAN","L","223","175.1","42","328","11.35","40","240","14.29","37","182","16.89","2","22","8.33","1.87","23.23","7.45","16","177","8.29","6","74","7.50","1","7","12.50","5.41","87.91","0.933","1","8","77","237","1.28","4","13","91","4.21"
"220","Zach Aston-Reese","PIT","C","116","174.25","39","269","12.66","34","200","14.53","32","140","18.60","4","17","19.05","2.57","17.13","13.06","18","129","12.24","13","47","21.67","3","10","23.08","12.50","87.86","1.004","3","24","84","201","3.45","6","29","108","5.26"
"153","Teuvo Teravainen","CAR","L","225","173.6","57","194","22.71","54","152","26.21","47","108","30.32","5","16","23.81","4.51","13.36","25.24","34","99","25.56","27","39","40.91","4","9","30.77","10.64","85.19","0.958","9","8","48","261","15.79","15","18","59","20.27"
"197","Brayden Point","T.B","C","219","170.65","39","314","11.05","32","242","11.68","24","185","11.48","4","24","14.29","1.7","19.29","8.09","21","155","11.93","8","58","12.12","4","12","25.00","16.67","87.03","1.037","2","22","143","134","1.38","3","34","180","1.64"
"164","Teddy Blueger","PIT","C","89","169.81666666667","54","229","19.08","49","176","21.78","37","139","21.02","5","18","21.74","3.46","14.95","18.81","31","115","21.23","15","42","26.32","3","9","25.00","13.51","87.05","1.006","7","27","129","142","5.15","13","36","174","6.95"
"2","Derek MacKenzie","FLA","C","76","169.3","46","314","12.78","44","242","15.38","34","188","15.32","5","28","15.15","2.53","23.1","9.87","18","158","10.23","8","82","8.89","3","18","14.29","14.71","85.11","0.998","6","19","137","110","4.20","10","38","169","5.59"
"14","Zach Parise","MIN","L","177","167.65","35","266","11.63","31","206","13.08","24","143","14.37","1","20","4.76","1.98","16.44","10.74","20","123","13.99","8","48","14.29","1","7","12.50","4.17","86.01","0.902","5","21","62","217","7.46","11","28","73","13.10"
"30","Brandon Dubinsky","CBJ","C","123","167.26666666667","44","253","14.81","39","192","16.88","35","140","20.00","3","17","15.00","2.1","17.82","10.54","21","122","14.69","11","56","16.42","2","8","20.00","8.57","87.86","0.964","5","15","155","109","3.13","8","26","207","3.72"
"196","Warren Foegele","CAR","L","140","165.23333333333","55","200","21.57","49","158","23.67","41","124","24.85","3","21","12.50","3.18","15.64","16.91","24","104","18.75","13","56","18.84","3","12","20.00","7.32","83.06","0.904","4","19","28","252","12.50","15","31","36","29.41"
"217","Luke Kunin","MIN","C","127","165.21666666667","30","302","9.04","26","237","9.89","21","178","10.55","2","28","6.67","0.81","20.62","3.79","10","148","6.33","4","62","6.06","0","17","0.00","9.52","84.27","0.938","7","18","94","144","6.93","10","25","130","7.14"
"182","Bo Horvat","VAN","C","207","163.78333333333","39","266","12.79","35","195","15.22","31","142","17.92","3","21","12.50","2.27","18.18","11.11","21","155","11.93","13","61","17.57","2","9","18.18","9.68","85.21","0.949","9","27","162","117","5.26","12","37","214","5.31"
"79","Tyler Johnson","T.B","C","218","163.4","25","299","7.72","22","231","8.70","19","165","10.33","3","18","14.29","1.51","17.29","8.04","16","136","10.53","7","54","11.48","3","9","25.00","15.79","89.09","1.049","5","20","123","131","3.91","7","28","151","4.43"
"215","Kevin Rooney","N.J","C","83","163.36666666667","45","243","15.63","43","166","20.57","37","111","25.00","4","15","21.05","3.01","13.55","18.18","25","122","17.01","9","37","19.57","1","7","12.50","10.81","86.49","0.973","3","9","74","152","3.90","10","24","105","8.70"
"97","Mats Zuccarello","DAL, MIN, NYR","C, R","185","163.31666666667","32","265","10.77","29","200","12.66","24","158","13.19","0","22","0.00","1.58","18.77","7.78","17","145","10.49","7","65","9.72","0","12","0.00","0.00","86.08","0.861","7","12","69","183","9.21","9","25","88","9.28"
"193","Jared McCann","FLA, PIT","C","205","161.18333333333","52","239","17.87","48","176","21.43","38","119","24.20","5","15","25.00","2.62","16.1","14.00","24","120","16.67","10","50","16.67","3","7","30.00","13.16","87.39","1.006","6","13","83","218","6.74","11","23","100","9.91"
"104","Devante Smith-Pelly","WSH","R","129","160.48333333333","32","268","10.67","28","187","13.02","20","134","12.99","0","16","0.00","1.32","17.68","6.96","17","137","11.04","6","69","8.00","0","10","0.00","0.00","88.06","0.881","4","21","75","172","5.06","10","24","94","9.62"
"224","Par Lindholm","BOS, TOR, WPG","C","99","159.9","49","267","15.51","43","197","17.92","38","138","21.59","0","16","0.00","2.05","17.8","10.32","20","128","13.51","8","51","13.56","0","7","0.00","0.00","88.41","0.884","3","14","143","144","2.05","5","26","178","2.73"
"58","Jamie Benn","DAL","L","222","158.36666666667","28","249","10.11","26","188","12.15","23","141","14.02","2","19","9.52","1.7","15.66","9.80","16","122","11.59","4","44","8.33","1","8","11.11","8.70","86.52","0.952","9","29","203","161","4.25","12","40","244","4.69"
"212","Evan Rodrigues","BUF","C, L","160","156.48333333333","44","222","16.54","40","186","17.70","32","137","18.93","3","21","12.50","1.71","15.32","10.06","16","105","13.22","7","52","11.86","2","12","14.29","9.38","84.67","0.940","4","9","67","170","5.63","7","19","91","7.14"
"15","Eric Fehr","MIN, S.J, TOR","C","90","154.9","42","245","14.63","39","168","18.84","26","123","17.45","0","14","0.00","2.11","12.75","14.20","16","109","12.80","9","32","21.95","0","4","0.00","0.00","88.62","0.886","0","24","159","64","0.00","1","31","204","0.49"
"56","Mark Letestu","CBJ, EDM, WPG","C","89","151.21666666667","34","258","11.64","29","194","13.00","26","138","15.85","2","26","7.14","1.72","18.84","8.38","18","154","10.47","7","65","9.72","1","15","6.25","7.69","81.16","0.889","7","19","125","106","5.30","10","31","159","5.92"
"5","Tomas Plekanec","MTL, TOR","C","80","150.08333333333","36","275","11.58","28","195","12.56","24","136","15.00","2","19","9.52","1.62","16.51","8.92","16","130","10.96","7","64","9.86","2","13","13.33","8.33","86.03","0.944","0","19","132","69","0.00","1","30","181","0.55"
"222","Alex Iafallo","L.A","C, L","220","146.78333333333","26","257","9.19","18","181","9.05","16","132","10.81","0","22","0.00","0.85","16.18","4.97","9","128","6.57","3","50","5.66","0","8","0.00","0.00","83.33","0.833","6","16","81","151","6.90","6","20","98","5.77"
"82","Alex Chiasson","EDM, WSH","R","190","144.86666666667","35","258","11.95","33","191","14.73","30","149","16.76","6","21","22.22","2.54","18.62","12.02","21","130","13.91","12","61","16.44","6","9","40.00","20.00","85.91","1.059","2","29","113","109","1.74","9","37","140","6.04"
"84","John Tavares","NYI, TOR","C","220","142.9","34","276","10.97","31","216","12.55","28","166","14.43","3","28","9.68","2.08","17.85","10.43","21","141","12.96","10","43","18.87","2","10","16.67","10.71","83.13","0.938","4","18","135","116","2.88","7","27","178","3.78"
"18","Brian Boyle","FLA, N.J, NSH","C","181","141.86666666667","29","210","12.13","26","161","13.90","24","110","17.91","2","22","8.33","1.8","13.25","11.94","14","106","11.67","6","38","13.64","2","9","18.18","8.33","80.00","0.883","7","17","62","146","10.14","7","28","74","8.64"
"33","Daniel Winnik","MIN","L","81","141.35","19","262","6.76","17","184","8.46","12","135","8.16","1","12","7.69","0.65","13.74","4.55","9","110","7.56","3","46","6.12","1","8","11.11","8.33","91.11","0.994","5","16","76","127","6.17","6","22","92","6.12"
"52","Nicklas Backstrom","WSH","C","215","140.88333333333","40","221","15.33","34","171","16.59","25","121","17.12","0","19","0.00","1.28","16.83","7.07","14","121","10.37","2","59","3.28","0","7","0.00","0.00","84.30","0.843","7","18","112","185","5.88","11","26","140","7.28"
"204","Connor McDavid","EDM","C","216","139.36666666667","57","200","22.18","50","135","27.03","35","93","27.34","8","19","29.63","4.19","13.24","24.03","40","102","28.17","20","46","30.30","7","11","38.89","22.86","79.57","1.024","11","16","82","205","11.83","16","26","94","14.55"
"3","Matt Hendricks","MIN, WPG","C","86","136.13333333333","21","310","6.34","17","221","7.14","13","155","7.74","0","15","0.00","0.74","17.62","4.05","6","127","4.51","3","49","5.77","0","8","0.00","0.00","90.32","0.903","3","19","99","111","2.94","5","26","116","4.13"
"221","Nico Hischier","N.J","C","201","134.85","39","176","18.14","29","133","17.90","26","100","20.63","2","11","15.38","2.31","13.18","14.90","23","94","19.66","13","40","24.53","2","6","25.00","7.69","89.00","0.967","7","20","41","214","14.58","13","29","53","19.70"
"198","Lucas Wallmark","CAR","C","152","133.03333333333","26","221","10.53","24","164","12.77","21","120","14.89","1","12","7.69","1.15","15.98","6.72","9","111","7.50","3","61","4.69","0","8","0.00","4.76","90.00","0.948","6","20","131","102","4.38","8","27","158","4.82"
"31","Ryan Callahan","T.B","R","119","132.13333333333","29","213","11.98","27","158","14.59","24","114","17.39","3","19","13.64","1.7","12.4","12.06","19","94","16.81","9","47","16.07","3","12","20.00","12.50","83.33","0.958","4","10","56","152","6.67","5","19","64","7.25"
"90","Richard Panik","ARI, CHI, WSH","R","199","131.78333333333","43","191","18.38","38","134","22.09","33","96","25.58","3","15","16.67","1.84","11.84","13.45","17","99","14.66","6","46","11.54","1","6","14.29","9.09","84.38","0.935","4","10","67","161","5.63","5","15","85","5.56"
"202","Kyle Connor","WPG","L","222","131.78333333333","34","226","13.08","27","185","12.74","23","141","14.02","3","19","13.64","2.17","17.39","11.09","14","123","10.22","8","60","11.76","3","13","18.75","13.04","86.52","0.996","9","17","53","167","14.52","11","25","67","14.10"
"78","Antoine Roussel","DAL, VAN","L","171","130.53333333333","34","181","15.81","33","142","18.86","29","105","21.64","0","16","0.00","2.11","12.83","14.13","15","99","13.16","7","46","13.21","0","9","0.00","0.00","84.76","0.848","4","21","32","193","11.11","5","31","38","11.63"
"154","Filip Forsberg","NSH","L","186","129.61666666667","45","153","22.73","39","115","25.32","29","91","24.17","3","8","27.27","2.68","10.04","21.04","25","73","25.51","10","25","28.57","3","3","50.00","10.34","91.21","1.016","10","12","49","194","16.95","13","18","52","20.00"
"66","Max Pacioretty","MTL, VGK","L","194","127.13333333333","37","228","13.96","28","168","14.29","21","122","14.69","2","18","10.00","2.05","15.78","11.52","18","113","13.74","9","51","15.00","2","8","20.00","9.52","85.25","0.948","8","10","60","148","11.76","17","19","73","18.89"
"16","Ryan Getzlaf","ANA","C","183","127.13333333333","30","243","10.99","29","185","13.55","18","142","11.25","3","17","15.00","1.21","17.58","6.43","10","139","6.71","5","59","7.81","1","6","14.29","16.67","88.03","1.047","7","13","201","103","3.37","10","19","232","4.13"
"120","Ondrej Palat","T.B","L","181","126.21666666667","32","191","14.35","26","137","15.95","20","102","16.39","2","14","12.50","1.59","11.83","11.84","18","92","16.36","8","37","17.78","2","7","22.22","10.00","86.27","0.963","5","17","38","158","11.63","6","19","52","10.34"
"127","Logan Shaw","ANA, MTL, WPG","C, R","106","122.1","24","214","10.08","22","166","11.70","17","117","12.69","1","16","5.88","1.09","15.13","6.72","13","122","9.63","2","51","3.77","0","8","0.00","5.88","86.32","0.922","7","20","58","120","10.77","9","29","80","10.11"
"11","Eric Staal","MIN","C","224","120.55","22","202","9.82","18","151","10.65","15","109","12.10","3","12","20.00","0.92","11.78","7.22","10","95","9.52","5","36","12.20","2","7","22.22","20.00","88.99","1.090","3","18","55","188","5.17","7","25","73","8.75"
"195","Christian Dvorak","ARI","C, L","163","118.45","24","166","12.63","21","129","14.00","18","98","15.52","0","16","0.00","1.41","11.49","10.94","11","81","11.96","5","36","12.20","0","10","0.00","0.00","83.67","0.837","4","12","73","153","5.19","9","22","83","9.78"
"23","Joe Pavelski","DAL, S.J","C","217","118.01666666667","34","205","14.23","32","165","16.24","24","116","17.14","1","11","8.33","1.7","15.37","9.98","14","121","10.37","9","54","14.29","0","5","0.00","4.17","90.52","0.947","5","8","168","90","2.89","8","10","192","4.00"
"191","Nick Schmaltz","ARI, CHI","C","183","117.93333333333","42","215","16.34","35","165","17.50","32","115","21.77","3","12","20.00","2.77","15.64","15.05","17","112","13.18","8","59","11.94","1","6","14.29","9.38","89.57","0.989","4","17","71","169","5.33","5","21","96","4.95"
"35","Benoit Pouliot","BUF","L","74","117.15","35","211","14.23","30","169","15.08","24","111","17.78","3","16","15.79","1.57","14.8","9.58","16","103","13.45","9","42","17.65","3","9","25.00","12.50","85.59","0.981","3","13","91","80","3.19","3","21","110","2.65"
"176","Ryan Hartman","CHI, MIN, NSH, PHI","L, R","222","115.13333333333","24","138","14.81","21","102","17.07","19","73","20.65","1","13","7.14","1.1","9.31","10.58","9","62","12.68","5","27","15.63","0","7","0.00","5.26","82.19","0.875","4","12","35","152","10.26","7","23","42","14.29"
"6","Rick Nash","BOS, NYR","L, R","71","111.66666666667","30","184","14.02","28","147","16.00","18","102","15.00","0","16","0.00","2.17","13.92","13.47","18","106","14.52","10","41","19.61","0","7","0.00","0.00","84.31","0.843","3","15","81","92","3.57","3","23","89","3.26"
"136","Gabriel Landeskog","COL","L","196","111.63333333333","15","195","7.14","13","151","7.93","10","113","8.13","1","9","10.00","0.75","13.02","5.43","6","90","6.25","3","36","7.69","1","4","20.00","10.00","92.04","1.020","2","21","74","145","2.63","3","27","91","3.19"
"205","Jack Eichel","BUF","C","205","111.35","38","137","21.71","34","98","25.76","27","75","26.47","3","9","25.00","2.03","8.4","19.46","15","67","18.29","12","27","30.77","3","5","37.50","11.11","88.00","0.991","8","11","46","172","14.81","10","16","63","13.70"
"201","Oskar Lindblom","PHI","L","134","109.25","31","165","15.82","27","129","17.31","22","96","18.64","0","18","0.00","1.26","12.88","8.93","13","85","13.27","5","40","11.11","0","8","0.00","0.00","81.25","0.813","3","12","27","152","10.00","3","19","33","8.33"
"206","Timo Meier","S.J","R","221","108.93333333333","43","143","23.12","36","112","24.32","28","85","24.78","2","8","20.00","2.6","9.49","21.49","21","66","24.14","10","28","26.32","1","3","25.00","7.14","90.59","0.977","2","10","30","172","6.25","5","20","36","12.20"
"71","Steven Stamkos","T.B","C","216","108.13333333333","27","206","11.59","24","144","14.29","20","110","15.38","2","11","15.38","1.28","12.2","9.49","14","91","13.33","5","30","14.29","2","6","25.00","10.00","90.00","1.000","3","6","221","65","1.34","5","10","264","1.86"
"199","Christoffer Ehn","DET","C","111","108.08333333333","26","151","14.69","24","120","16.67","21","77","21.43","1","11","8.33","1.8","10.65","14.45","12","85","12.37","9","37","19.57","1","6","14.29","4.76","85.71","0.905","4","13","46","113","8.00","5","19","53","8.62"
"72","Josh Bailey","NYI","C, R","219","104.08333333333","24","175","12.06","21","125","14.38","17","93","15.45","2","11","15.38","1.18","11.23","9.52","10","110","8.33","6","33","15.38","2","4","33.33","11.76","88.17","0.999","2","13","51","134","3.77","3","17","65","4.41"
"219","Drake Caggiula","CHI, EDM","C, L","155","104.01666666667","27","165","14.06","23","123","15.75","19","104","15.45","3","24","11.11","2.36","12.59","15.79","18","82","18.00","12","41","22.64","3","10","23.08","15.79","76.92","0.927","5","14","18","162","21.74","7","20","22","24.14"
"37","T.J. Oshie","WSH","R","205","103.96666666667","32","145","18.08","28","117","19.31","20","83","19.42","0","14","0.00","1.43","10.75","11.72","10","80","11.11","4","35","10.26","0","5","0.00","0.00","83.13","0.831","5","15","70","132","6.67","6","22","82","6.82"
"86","Brayden Schenn","STL","C","217","103.71666666667","28","150","15.73","26","117","18.18","21","82","20.39","0","6","0.00","1.35","10.57","11.34","11","77","12.50","5","29","14.71","0","3","0.00","0.00","92.68","0.927","5","17","49","181","9.26","5","22","59","7.81"
"9","Matt Stajan","CGY","C","68","103.33333333333","27","187","12.62","23","149","13.37","20","112","15.15","0","17","0.00","1.07","14.43","6.93","11","119","8.46","3","50","5.66","0","5","0.00","0.00","84.82","0.848","6","9","67","93","8.22","13","19","77","14.44"
"25","Andrew Ladd","NYI","L","101","100.93333333333","28","189","12.90","25","143","14.88","22","108","16.92","3","22","12.00","1.83","12.32","12.93","17","96","15.04","7","32","17.95","0","8","0.00","13.64","79.63","0.933","5","13","57","109","8.06","7","18","75","8.54"